{
  "日曜日リスト": [
    "1月3日",
    "1月10日",
    "1月17日",
    "1月24日",
    "1月31日",
    "2月7日",
    "2月14日",
    "2月21日",
    "2月28日",
    "3月7日",
    "3月14日",
    "3月21日",
    "2月28日",
    "4月4日",
    "4月11日",
    "4月18日",
    "4月25日",
    "5月2日",
    "5月9日",
    "5月16日",
    "5月23日",
    "5月30日",
    "6月6日",
    "6月13日",
    "6月20日",
    "6月27日"
  ],
  "Jupiter": [
    303.412847527778, 305.035518, 306.679918583333, 308.337046833333,
    309.999340972222, 311.659974083333, 313.311403444444, 314.945104027778,
    316.553614, 318.130039111111, 319.666562583333, 321.154467416667,
    322.585632027778, 323.95271925, 325.2468815, 326.458669583333,
    327.578909388889, 328.599591305556, 329.510840861111, 330.302783583333,
    330.966110111111, 331.493643472222, 331.876816166667, 332.108639861111,
    332.184366694444, 332.103598027778
  ],
  "Mars": [
    28.5626406666667, 31.7765918611111, 35.1776710555556, 38.7338957222222,
    42.41564525, 46.2010512222222, 50.0765789166667, 54.0271097777778,
    58.0371589166667, 62.0957048611111, 66.19750425, 70.3357763333333,
    74.5020158055556, 78.6904891666667, 82.8998408611111, 87.1277101111111,
    91.3692904444444, 95.6216512222222, 99.8853151388889, 104.160467083333,
    108.444392027778, 112.735749861111, 117.035944194444, 121.3467015,
    125.666542194444, 129.995028333333
  ],
  "Sun": [
    283.58223925, 290.717320722222, 297.850683388889, 304.973946138889,
    312.084269638889, 319.18266175, 326.266849138889, 333.329538027778,
    340.367333861111, 347.382328166667, 354.374926, 1.34006188888889,
    8.27451783333333, 15.1813267222222, 22.0636504722222, 28.9191068611111,
    35.7450390277778, 42.5449220833333, 49.3241846944444, 56.0830581944444,
    62.8194971944444, 69.5368274722222, 76.2418747777778, 82.9371423333333,
    89.6210617222222, 96.2962805277778
  ],
  "Venus": [
    263.855762111111, 272.628181527778, 281.404145694444, 290.178785416667,
    298.951280861111, 307.722139555556, 316.4895445, 325.249230222222,
    333.999497388889, 342.741177861111, 351.473693388889, 0.193567916666667,
    8.89842852777778, 17.5891630277778, 26.2667671111111, 34.9294345277778,
    43.5748148333333, 52.2039024444444, 60.8189835, 69.4198908611111,
    78.0041468611111, 86.5717152777778, 95.1246785555556, 103.663409638889,
    112.184362888889, 120.685131555556
  ]
}
